{
    "application": {
        "id": "",
        "title": "maz_renfe.buscador_preferencias_candidato.buscador_preferencias_candidato",
        "description": "Buscador Preferencia Candidato - Convocatorias Movilidad",
        "type": "SAP_UI5_Component",
        "componentUrl": "/",
        "appUrl": "#buscador_preferencias_candidato-Display",
        "navigationComponentName": "maz_renfe.buscador_preferencias_candidato",
        "intentSemanticObject": "buscador_preferencias_candidato",
        "intentAction": "Display",
        "html5ApplicationName": "buscadorpreferenciascandidat",
        "HCPParentApplicationName": ""
    },
    "assignment": {
        "groups": [
            "3f29bb6a-42cd-4832-8e33-2f1b97bfe75e-1647594510430"
        ],
        "contentPackages": [
            "d4832b3b-f3f6-4d9f-9ab5-dc4a1a3af2c1-1672737176406"
        ],
        "categories": []
    },
    "tile": {
        "type": "StaticTile",
        "title": "Buscador Preferencia Candidato ",
        "subtitle": "Convocatorias Movilidad",
        "searchKeywords": "Buscador Preferencia Candidato ,Convocatorias Movilidad",
        "displayIconUrl": "sap-icon://search",
        "displayInfoText": "",
        "size": "1x1",
        "serviceURL": "",
        "refreshInterval": ""
    }
}