<edmx:Edmx xmlns:edmx="http://schemas.microsoft.com/ado/2007/06/edmx" xmlns:atom="http://www.w3.org/2005/Atom" Version="1.0">
	<edmx:DataServices xmlns:m="http://schemas.microsoft.com/ado/2007/08/dataservices/metadata" m:DataServiceVersion="2.0">
		<Schema xmlns="http://schemas.microsoft.com/ado/2008/09/edm" xmlns:sf="http://www.successfactors.com/edm/sf"
			xmlns:sap="http://www.successfactors.com/edm/sap" Namespace="SFODataSet">
			<EntityContainer Name="EntityContainer" m:IsDefaultEntityContainer="true">
				<EntitySet Name="CandidateLight" EntityType="SFOData.CandidateLight" sap:label="CandidateLight" sap:creatable="true" sap:updatable="true"
					sap:upsertable="true" sap:deletable="false">
					<Documentation>
						<Summary>CandidateLight</Summary>
						<LongDescription>The candidate light entity allows a user to query, insert and update the candidate profile. The candidate light entity
							contains core candidate profile data consisting of system, standard and custom fields. The metadata will show the standard and custom fields
							configured in the active template. If a field (standard or custom) is not configured in the template, then it will not show up in the
							metadata and not be a part of oData query. The system fields will always show up. Compared to the existing candidate entity it provides
							exactly the same functionality but the validation of mandatory fields is different; fewer mandatory fields are available.</LongDescription>
						<sap:tagcollection>
							<sap:tag>Recruiting (RCM)</sap:tag>
							<sap:tag>RCM - Candidate</sap:tag>
						</sap:tagcollection>
					</Documentation>
				</EntitySet>
			</EntityContainer>
		</Schema>
		<Schema xmlns="http://schemas.microsoft.com/ado/2008/09/edm" xmlns:sf="http://www.successfactors.com/edm/sf"
			xmlns:sap="http://www.successfactors.com/edm/sap" Namespace="SFOData">
			<EntityType Name="CandidateLight">
				<Key><PropertyRef Name="candidateId"/></Key><Property Name="DatosBasicos" Type="Edm.String" Nullable="true" sap:required="false" sap:creatable="true" sap:updatable="true"
					sap:upsertable="true" sap:visible="true" sap:sortable="false" sap:filterable="false" sap:label="Datos básicos"/><Property Name="DatosEmpleados" Type="Edm.String" Nullable="true" sap:required="false" sap:creatable="true" sap:updatable="true"
					sap:upsertable="true" sap:visible="true" sap:sortable="false" sap:filterable="false" sap:label="Empleados"/><Property Name="DatosResidencia" Type="Edm.String" Nullable="true" sap:required="false" sap:creatable="true" sap:updatable="true"
					sap:upsertable="true" sap:visible="true" sap:sortable="false" sap:filterable="false" sap:label="Datos Residencia"/><Property Name="OtrosDatos" Type="Edm.String" Nullable="true" sap:required="false" sap:creatable="true" sap:updatable="true"
					sap:upsertable="true" sap:visible="true" sap:sortable="false" sap:filterable="false" sap:label="Otros Datos"/><Property Name="addressBuilding" Type="Edm.String" Nullable="true" sap:required="false" sap:creatable="true" sap:updatable="true"
					sap:upsertable="true" sap:visible="true" sap:sortable="true" sap:filterable="true" sap:label="Bloque"/><Property Name="addressFlat" Type="Edm.String" Nullable="true" sap:required="false" sap:creatable="true" sap:updatable="true"
					sap:upsertable="true" sap:visible="true" sap:sortable="true" sap:filterable="true" sap:label="Piso"/><Property Name="addressLetter" Type="Edm.String" Nullable="true" sap:required="false" sap:creatable="true" sap:updatable="true"
					sap:upsertable="true" sap:visible="true" sap:sortable="true" sap:filterable="true" sap:label="Letra"/><Property Name="addressName" Type="Edm.String" Nullable="false" sap:required="false" sap:creatable="true" sap:updatable="true"
					sap:upsertable="true" sap:visible="true" sap:sortable="true" sap:filterable="true" sap:label="Dirección"/><Property Name="addressNumber" Type="Edm.String" Nullable="false" sap:required="false" sap:creatable="true" sap:updatable="true"
					sap:upsertable="true" sap:visible="true" sap:sortable="true" sap:filterable="true" sap:label="Número"/><Property Name="agreeToPrivacyStatement" Type="Edm.String" Nullable="true" sap:required="false" sap:creatable="true" sap:updatable="true"
					sap:upsertable="true" sap:visible="true" sap:sortable="true" sap:filterable="true" sap:label="Agreed to Privacy Statement"/><Property Name="anonymized" Type="Edm.String" Nullable="false" sap:required="false" sap:creatable="true" sap:updatable="true"
					sap:upsertable="true" sap:visible="true" sap:sortable="false" sap:filterable="true" sap:label="Anonymized Flag"/><Property Name="anonymizedDateTime" Type="Edm.DateTimeOffset" Nullable="false" sap:required="false" sap:creatable="false"
					sap:updatable="false" sap:upsertable="false" sap:visible="true" sap:sortable="false" sap:filterable="false" sap:label="Anonymized Date Time"/><Property Name="candidateId" Type="Edm.Int64" Nullable="false" sap:required="false" sap:creatable="false" sap:updatable="true"
					sap:upsertable="true" sap:visible="true" sap:sortable="true" sap:filterable="true" sap:label="Candidate Id"/><Property Name="candidateLocale" Type="Edm.String" Nullable="false" sap:required="false" sap:creatable="true" sap:updatable="true"
					sap:upsertable="true" sap:visible="true" sap:sortable="false" sap:filterable="false" sap:label="Candidate Locale"/><Property Name="cellPhone" Type="Edm.String" Nullable="true" sap:required="true" sap:creatable="true" sap:updatable="true"
					sap:upsertable="true" sap:visible="true" sap:sortable="true" sap:filterable="true" sap:label="Teléfono Principal"/><Property Name="city" Type="Edm.String" Nullable="true" sap:required="false" sap:creatable="true" sap:updatable="true" sap:upsertable="true"
					sap:visible="true" sap:sortable="true" sap:filterable="true" sap:label="Población (residencia)"/><Property Name="consentToMarketing" Type="Edm.String" Nullable="true" sap:required="false" sap:creatable="true" sap:updatable="true"
					sap:upsertable="true" sap:visible="true" sap:sortable="true" sap:filterable="true" sap:label="Consent To Marketing"/><Property Name="contactEmail" Type="Edm.String" Nullable="true" sap:required="false" sap:creatable="true" sap:updatable="true"
					sap:upsertable="true" sap:visible="true" sap:sortable="true" sap:filterable="true" sap:label="Email"/><Property Name="country" Type="Edm.String" Nullable="true" sap:required="true" sap:creatable="true" sap:updatable="true"
					sap:upsertable="true" sap:visible="true" sap:sortable="true" sap:filterable="true" sap:label="Pais (residencia)"/><Property Name="creationDateTime" Type="Edm.DateTimeOffset" Nullable="false" sap:required="false" sap:creatable="false"
					sap:updatable="false" sap:upsertable="false" sap:visible="true" sap:sortable="false" sap:filterable="false" sap:label="Creation Date"/><Property Name="custIdentificationNumber" Type="Edm.String" Nullable="false" sap:required="false" sap:creatable="true" sap:updatable="true"
					sap:upsertable="true" sap:visible="true" sap:sortable="true" sap:filterable="true" sap:label="N.I.F.-N.I.E."/><Property Name="custSAPID" Type="Edm.String" Nullable="true" sap:required="false" sap:creatable="true" sap:updatable="true"
					sap:upsertable="true" sap:visible="true" sap:sortable="false" sap:filterable="false" sap:label="Nº candidato en SAP"/><Property Name="custlastName1" Type="Edm.String" Nullable="false" sap:required="false" sap:creatable="true" sap:updatable="true"
					sap:upsertable="true" sap:visible="true" sap:sortable="true" sap:filterable="true" sap:label="Primer Apellido"/><Property Name="custlastName2" Type="Edm.String" Nullable="false" sap:required="false" sap:creatable="true" sap:updatable="true"
					sap:upsertable="true" sap:visible="true" sap:sortable="true" sap:filterable="true" sap:label="Segundo Apellido"/><Property Name="dataPrivacyId" Type="Edm.Int64" Nullable="false" sap:required="false" sap:creatable="false" sap:updatable="false"
					sap:upsertable="false" sap:visible="true" sap:sortable="true" sap:filterable="true" sap:label="Data Privacy Id"/><Property Name="dateOfBirth" Type="Edm.DateTimeOffset" Nullable="true" sap:required="false" sap:creatable="true" sap:updatable="true"
					sap:upsertable="true" sap:visible="true" sap:sortable="true" sap:filterable="true" sap:label="Fecha de nacimiento"/><Property Name="dateofAvailability" Type="Edm.DateTimeOffset" Nullable="false" sap:required="false" sap:creatable="false"
					sap:updatable="false" sap:upsertable="false" sap:visible="true" sap:sortable="false" sap:filterable="false" sap:label="Date of Availability"/><Property Name="department" Type="Edm.String" Nullable="true" sap:required="false" sap:creatable="true" sap:updatable="true"
					sap:upsertable="true" sap:visible="true" sap:sortable="true" sap:filterable="true" sap:label="División de Personal"/><Property Name="division" Type="Edm.String" Nullable="true" sap:required="false" sap:creatable="true" sap:updatable="true"
					sap:upsertable="true" sap:visible="true" sap:sortable="true" sap:filterable="true" sap:label="Sociedad"/><Property Name="externalCandidate" Type="Edm.Boolean" Nullable="false" sap:required="false" sap:creatable="false" sap:updatable="false"
					sap:upsertable="false" sap:visible="true" sap:sortable="true" sap:filterable="true" sap:label="External Candidate"/><Property Name="firstName" Type="Edm.String" Nullable="true" sap:required="true" sap:creatable="true" sap:updatable="true"
					sap:upsertable="true" sap:visible="true" sap:sortable="true" sap:filterable="true" sap:label="Nombre"/><Property Name="funcion" Type="Edm.String" Nullable="true" sap:required="false" sap:creatable="true" sap:updatable="true"
					sap:upsertable="true" sap:visible="true" sap:sortable="false" sap:filterable="false" sap:label="Función"/><Property Name="hireDate" Type="Edm.String" Nullable="true" sap:required="false" sap:creatable="true" sap:updatable="true"
					sap:upsertable="true" sap:visible="true" sap:sortable="true" sap:filterable="true" sap:label="Fecha de contratación"/><Property Name="homePhone" Type="Edm.String" Nullable="true" sap:required="false" sap:creatable="true" sap:updatable="true"
					sap:upsertable="true" sap:visible="true" sap:sortable="true" sap:filterable="true" sap:label="Teléfono secundario"/><Property Name="jobCode" Type="Edm.String" Nullable="true" sap:required="false" sap:creatable="true" sap:updatable="true"
					sap:upsertable="true" sap:visible="true" sap:sortable="true" sap:filterable="true" sap:label="Categoría"/><Property Name="lastLoginDateTime" Type="Edm.DateTimeOffset" Nullable="false" sap:required="false" sap:creatable="false"
					sap:updatable="false" sap:upsertable="false" sap:visible="true" sap:sortable="false" sap:filterable="false" sap:label="Last login date"/><Property Name="lastModifiedDateTime" Type="Edm.DateTimeOffset" Nullable="false" sap:required="false" sap:creatable="false"
					sap:updatable="false" sap:upsertable="false" sap:visible="true" sap:sortable="true" sap:filterable="true" sap:label="Last Modified Date"/><Property Name="lastName" Type="Edm.String" Nullable="true" sap:required="true" sap:creatable="true" sap:updatable="true"
					sap:upsertable="true" sap:visible="true" sap:sortable="true" sap:filterable="true" sap:label="Apellidos"/><Property Name="location" Type="Edm.String" Nullable="true" sap:required="false" sap:creatable="true" sap:updatable="true"
					sap:upsertable="true" sap:visible="true" sap:sortable="true" sap:filterable="true" sap:label="Subdivisión de Personal"/><Property Name="middleName" Type="Edm.String" Nullable="true" sap:required="false" sap:creatable="true" sap:updatable="true"
					sap:upsertable="true" sap:visible="true" sap:sortable="true" sap:filterable="true" sap:label="Middle Name"/><Property Name="moreInformation" Type="Edm.String" Nullable="true" sap:required="false" sap:creatable="true" sap:updatable="true"
					sap:upsertable="true" sap:visible="true" sap:sortable="false" sap:filterable="false" sap:label="Otra información de interés"/><Property Name="partnerMemberId" Type="Edm.String" Nullable="false" sap:required="false" sap:creatable="false" sap:updatable="false"
					sap:upsertable="false" sap:visible="true" sap:sortable="false" sap:filterable="false" sap:label="Partner Member Id"/><Property Name="partnerSource" Type="Edm.Int64" Nullable="false" sap:required="false" sap:creatable="false" sap:updatable="false"
					sap:upsertable="false" sap:visible="true" sap:sortable="false" sap:filterable="false" sap:label="Partner Source"/><Property Name="password" Type="Edm.String" Nullable="true" sap:required="false" sap:creatable="true" sap:updatable="true"
					sap:upsertable="true" sap:visible="false" sap:sortable="false" sap:filterable="false" sap:label="Password"/><Property Name="primaryEmail" Type="Edm.String" Nullable="false" sap:required="true" sap:creatable="true" sap:updatable="false"
					sap:upsertable="true" sap:visible="true" sap:sortable="true" sap:filterable="true" sap:label="Primary Email"/><Property Name="privacyAcceptDateTime" Type="Edm.DateTimeOffset" Nullable="false" sap:required="false" sap:creatable="false"
					sap:updatable="false" sap:upsertable="false" sap:visible="true" sap:sortable="false" sap:filterable="false"
					sap:label="Privacy Acceptence Date"/><Property Name="publicIntranet" Type="Edm.Boolean" Nullable="false" sap:required="false" sap:creatable="false" sap:updatable="false"
					sap:upsertable="false" sap:visible="true" sap:sortable="false" sap:filterable="false" sap:label="Public Intranet"/><Property Name="sendCandWelcomeEmail" Type="Edm.String" Nullable="true" sap:required="false" sap:creatable="true" sap:updatable="true"
					sap:upsertable="true" sap:visible="true" sap:sortable="false" sap:filterable="false" sap:label="sendCandWelcomeEmail"/><Property Name="shareProfile" Type="Edm.String" Nullable="false" sap:required="false" sap:creatable="true" sap:updatable="true"
					sap:upsertable="true" sap:visible="true" sap:sortable="false" sap:filterable="false" sap:label="Share Profile flag"/><Property Name="title" Type="Edm.String" Nullable="true" sap:required="false" sap:creatable="true" sap:updatable="true"
					sap:upsertable="true" sap:visible="true" sap:sortable="true" sap:filterable="true" sap:label="Posición"/><Property Name="unidadOrganizativa" Type="Edm.String" Nullable="true" sap:required="false" sap:creatable="true" sap:updatable="true"
					sap:upsertable="true" sap:visible="true" sap:sortable="false" sap:filterable="false" sap:label="Unidad Organizativa"/><Property Name="username" Type="Edm.String" Nullable="true" sap:required="false" sap:creatable="true" sap:updatable="true"
					sap:upsertable="true" sap:visible="true" sap:sortable="true" sap:filterable="true" sap:label="Matrícula"/><Property Name="usersSysId" Type="Edm.String" Nullable="false" sap:required="false" sap:creatable="false" sap:updatable="false"
					sap:upsertable="false" sap:visible="true" sap:sortable="true" sap:filterable="true" sap:label="Users sys id"/><Property Name="visibilityOption" Type="Edm.Boolean" Nullable="false" sap:required="false" sap:creatable="false" sap:updatable="false"
					sap:upsertable="false" sap:visible="true" sap:sortable="false" sap:filterable="false" sap:label="Visibility Option"/><Property Name="zip" Type="Edm.String" Nullable="true" sap:required="false" sap:creatable="true" sap:updatable="true" sap:upsertable="true"
					sap:visible="true" sap:sortable="true" sap:filterable="true" sap:label="Código Postal"/></EntityType>
		</Schema>
	</edmx:DataServices>
</edmx:Edmx>