<edmx:Edmx xmlns:edmx="http://schemas.microsoft.com/ado/2007/06/edmx" xmlns:atom="http://www.w3.org/2005/Atom" Version="1.0">
	<edmx:DataServices xmlns:m="http://schemas.microsoft.com/ado/2007/08/dataservices/metadata" m:DataServiceVersion="2.0">
		<Schema xmlns="http://schemas.microsoft.com/ado/2008/09/edm" xmlns:sf="http://www.successfactors.com/edm/sf"
			xmlns:sap="http://www.successfactors.com/edm/sap" Namespace="SFODataSet">
			<EntityContainer Name="EntityContainer" m:IsDefaultEntityContainer="true">
				<EntitySet Name="Photo" EntityType="SFOData.Photo" sap:label="Photo" sap:creatable="true" sap:updatable="true" sap:upsertable="true"
					sap:deletable="true">
					<Documentation>
						<Summary>Photo</Summary>
						<LongDescription>The Photo entity allows user to query, import, update, and delete user photos at Employee Profile.</LongDescription>
						<sap:tagcollection>
							<sap:tag>Foundation/Platform (PLT)</sap:tag>
						</sap:tagcollection>
					</Documentation>
				</EntitySet>
			</EntityContainer>
		</Schema>
		<Schema xmlns="http://schemas.microsoft.com/ado/2008/09/edm" xmlns:sf="http://www.successfactors.com/edm/sf"
			xmlns:sap="http://www.successfactors.com/edm/sap" Namespace="SFOData">
			<EntityType Name="Photo">
				<Key><PropertyRef Name="photoType"/><PropertyRef Name="userId"/></Key><Property Name="height" Type="Edm.Int32" Nullable="false" sap:required="false" sap:creatable="false" sap:updatable="false"
					sap:upsertable="false" sap:visible="true" sap:sortable="true" sap:filterable="true" sap:label="height"/><Property Name="lastModified" Type="Edm.DateTime" Nullable="true" sap:required="false" sap:creatable="false" sap:updatable="false"
					sap:upsertable="false" sap:visible="true" sap:sortable="true" sap:filterable="true" sap:display-format="Date" sap:label="lastModified"/><Property Name="lastModifiedDateTime" Type="Edm.DateTimeOffset" Nullable="true" sap:required="false" sap:creatable="false"
					sap:updatable="false" sap:upsertable="false" sap:visible="true" sap:sortable="true" sap:filterable="true" sap:label="lastModifiedDateTime"/><Property Name="lastModifiedWithTZ" Type="Edm.DateTimeOffset" Nullable="true" sap:required="false" sap:creatable="false"
					sap:updatable="false" sap:upsertable="false" sap:visible="true" sap:sortable="true" sap:filterable="true" sap:label="lastModifiedWithTZ"/><Property Name="mimeType" Type="Edm.String" Nullable="true" sap:required="false" sap:creatable="false" sap:updatable="false"
					sap:upsertable="false" sap:visible="true" sap:sortable="true" sap:filterable="true" MaxLength="32" sap:label="mimeType"/><Property Name="personUUID" Type="Edm.String" Nullable="true" sap:required="false" sap:creatable="false" sap:updatable="false"
					sap:upsertable="false" sap:visible="false" sap:sortable="false" sap:filterable="true" MaxLength="128" sap:label="personUUID"/><Property Name="photo" Type="Edm.Binary" Nullable="true" sap:required="true" sap:creatable="true" sap:updatable="true" sap:upsertable="true"
					sap:visible="true" sap:sortable="false" sap:filterable="false" sap:label="photo"/><Property Name="photoHash" Type="Edm.String" Nullable="true" sap:required="false" sap:creatable="false" sap:updatable="false"
					sap:upsertable="false" sap:visible="true" sap:sortable="false" sap:filterable="true" MaxLength="64" sap:label="photoHash"/><Property Name="photoId" Type="Edm.Int64" Nullable="false" sap:required="false" sap:creatable="false" sap:updatable="false"
					sap:upsertable="false" sap:visible="true" sap:sortable="true" sap:filterable="true" sap:label="photoId"/><Property Name="photoName" Type="Edm.String" Nullable="true" sap:required="false" sap:creatable="true" sap:updatable="true"
					sap:upsertable="true" sap:visible="true" sap:sortable="true" sap:filterable="true" MaxLength="128" sap:label="photoName"/><Property Name="photoType" Type="Edm.Int32" Nullable="false" sap:required="true" sap:creatable="true" sap:updatable="true"
					sap:upsertable="true" sap:visible="true" sap:sortable="true" sap:filterable="true" sap:label="photoType"/><Property Name="userId" Type="Edm.String" Nullable="false" sap:required="true" sap:creatable="true" sap:updatable="true"
					sap:upsertable="true" sap:visible="true" sap:sortable="true" sap:filterable="true" MaxLength="100" sap:label="userId"/><Property Name="width" Type="Edm.Int32" Nullable="false" sap:required="false" sap:creatable="false" sap:updatable="false"
					sap:upsertable="false" sap:visible="true" sap:sortable="true" sap:filterable="true" sap:label="width"/></EntityType>
		</Schema>
	</edmx:DataServices>
</edmx:Edmx>